"","x"
"1",-0.661521577170045
"2",-0.731501551202691
"3",-1.04568037126087
"4",-0.688111803315512
"5",3.77891928115584e-05
"6",3.76310726987494e-05
"7",3.74787942543941e-05
"8",3.74801946362884e-05
"9",3.75328322276279e-05
"10",3.74586525620213e-05
"11",3.73674736657725e-05
"12",3.73843651988026e-05
"13",3.73883696340428e-05
"14",3.73058016496393e-05
"15",3.71936091270646e-05
"16",3.71987452760271e-05
"17",3.71924461621319e-05
"18",3.70775578046972e-05
"19",3.70291384660398e-05
"20",3.70254142292625e-05
"21",3.69825965089892e-05
"22",3.68474975385599e-05
"23",3.67678315526e-05
"24",3.68150723047773e-05
"25",3.67323838182051e-05
"26",3.6600059099713e-05
"27",3.6517737016266e-05
"28",3.64881544628406e-05
"29",3.64003709006859e-05
"30",3.62851881124203e-05
"31",3.62681053998914e-05
"32",3.62570385924031e-05
"33",3.61977814946072e-05
"34",3.60848464486202e-05
"35",3.60593849219195e-05
"36",3.60209862425981e-05
"37",3.58953826027988e-05
"38",3.58028601377053e-05
"39",3.58115680944097e-05
"40",3.5814665075053e-05
"41",3.57009691338905e-05
"42",3.56131849845581e-05
"43",3.561213310982e-05
"44",3.560419146846e-05
"45",3.55445470718547e-05
"46",3.54578122630031e-05
"47",3.54721729415719e-05
"48",3.54547384845563e-05
"49",3.53526337018443e-05
"50",3.53195951459512e-05
"51",3.53481633537606e-05
"52",3.5330652139035e-05
"53",3.52782186876478e-05
"54",3.52285017337686e-05
"55",3.53095871370891e-05
"56",3.5280975389211e-05
"57",3.52138159556253e-05
"58",3.5199035776683e-05
"59",3.52492840597616e-05
"60",3.52332798154186e-05
"61",3.51611377619442e-05
"62",3.51931005644713e-05
"63",3.52340222076953e-05
"64",3.52377883610572e-05
"65",3.51588502556528e-05
"66",3.5142965187091e-05
"67",3.51738683591941e-05
"68",3.51638536935782e-05
"69",3.50234261701052e-05
"70",3.49784683112269e-05
"71",3.50352384573711e-05
"72",3.49671633959298e-05
"73",3.48994323967645e-05
"74",3.48517253887234e-05
"75",3.4903602882385e-05
"76",3.48588005202746e-05
"77",3.47392262765443e-05
"78",3.47329702502328e-05
"79",3.47852868413923e-05
"80",3.47336988076256e-05
"81",3.46621322615937e-05
"82",3.4635186888365e-05
"83",3.46731532517069e-05
"84",3.46301311052732e-05
"85",3.4565200318454e-05
"86",3.45805355034371e-05
"87",3.46097097769116e-05
"88",3.45619938209922e-05
"89",3.44774501780656e-05
"90",3.45095525309487e-05
"91",3.45670024435814e-05
"92",3.45199041130581e-05
"93",3.44462386937083e-05
"94",3.44701500633847e-05
"95",3.45225085009591e-05
"96",3.44274269886732e-05
"97",3.43382110917104e-05
"98",3.43319838962101e-05
"99",3.43669016540304e-05
"100",3.43257725785452e-05
"101",3.4222588239134e-05
"102",3.42340090694846e-05
"103",3.42636222917498e-05
"104",3.42187292251355e-05
"105",3.40971454482339e-05
"106",3.41137101158877e-05
"107",3.41682997085489e-05
"108",3.40792131750099e-05
"109",3.39866383434589e-05
"110",3.4004477090614e-05
"111",3.40605717625902e-05
"112",3.40005712624089e-05
"113",3.38999621105435e-05
"114",3.39044976746727e-05
"115",3.39705935844888e-05
"116",3.39058456051048e-05
"117",3.38068543949485e-05
"118",3.37923771335435e-05
"119",3.38170288640319e-05
"120",3.38011955487079e-05
"121",3.37249214560929e-05
"122",3.37279346875297e-05
"123",3.37850005967733e-05
"124",3.37674710582075e-05
"125",3.3663180548228e-05
"126",3.36448094334677e-05
"127",3.36924755689054e-05
"128",3.36631033425747e-05
"129",3.3563760006042e-05
"130",3.35569192823472e-05
"131",3.35921602952685e-05
"132",3.36133990016485e-05
"133",3.35172755075655e-05
"134",3.35056883935253e-05
"135",3.35544103223702e-05
"136",3.35224704076278e-05
"137",3.34305058858875e-05
"138",3.33724424606493e-05
"139",3.34390587004084e-05
"140",3.34691187623246e-05
"141",3.33464280530126e-05
"142",3.32816287092769e-05
"143",3.33148057601108e-05
"144",3.33447563007269e-05
"145",3.3266185162034e-05
"146",3.3152568125554e-05
"147",3.31567833056781e-05
"148",3.31586837289757e-05
"149",3.30835732845874e-05
"150",3.30051913210292e-05
"151",3.30209378294819e-05
"152",3.3081280562409e-05
"153",3.30271843904056e-05
"154",3.29693063901753e-05
"155",3.29332581379007e-05
"156",3.29857794664196e-05
"157",3.29474822207793e-05
"158",3.28144014521838e-05
"159",3.2800438577951e-05
"160",3.2825996859823e-05
"161",3.28423923304504e-05
"162",3.27586485940142e-05
"163",3.27419277981151e-05
"164",3.27961146355048e-05
"165",3.28270844319437e-05
"166",3.27433988299632e-05
"167",3.27072128662727e-05
"168",3.27146162288551e-05
"169",3.27211166309431e-05
"170",3.26426692695316e-05
"171",3.25685608431678e-05
"172",3.25858380518714e-05
"173",3.26623453789884e-05
"174",3.25946255604735e-05
"175",3.25459650813867e-05
"176",3.25675582013817e-05
"177",3.26189070808399e-05
"178",3.25718412088816e-05
"179",3.24336674312848e-05
"180",3.24131515889377e-05
"181",3.24357857531005e-05
"182",3.24401857987187e-05
"183",3.23416192584124e-05
"184",3.23034289793041e-05
"185",3.23366912635188e-05
"186",3.23447386153283e-05
"187",3.23214004244918e-05
"188",3.22403415999516e-05
"189",3.22983248648821e-05
"190",3.22940807530044e-05
"191",3.22547564644174e-05
"192",3.21684814958223e-05
"193",3.21996473667713e-05
"194",3.22046387035539e-05
"195",3.21676572770996e-05
"196",3.20710739399511e-05
"197",3.20690268250753e-05
"198",3.21406003169767e-05
"199",3.21023355845058e-05
"200",3.20316887449085e-05
"201",3.1994399839492e-05
"202",3.2030989302473e-05
"203",3.20104463323746e-05
"204",3.19886156346502e-05
"205",3.19281495461512e-05
"206",3.1933657260767e-05
"207",3.1931562788531e-05
"208",3.19108200315441e-05
"209",3.18385955107836e-05
"210",3.18425235628195e-05
"211",3.18355461181849e-05
"212",3.18049045491453e-05
"213",3.17332020896558e-05
"214",3.16487560231348e-05
"215",3.16932511615186e-05
"216",3.16793569794426e-05
"217",3.15902511574565e-05
"218",3.15787144345716e-05
"219",3.16148734953242e-05
"220",3.16604281615451e-05
"221",3.15908420952879e-05
"222",3.15525137668058e-05
"223",3.15563691780405e-05
"224",3.16047472815613e-05
"225",3.1533559264038e-05
"226",3.14736127684089e-05
"227",3.14686981417595e-05
"228",3.1523249251681e-05
"229",3.15098643312721e-05
"230",3.14620864362812e-05
"231",3.14308920713037e-05
"232",3.14363126927417e-05
"233",3.14498854422862e-05
"234",3.14069548778413e-05
"235",3.13648214003367e-05
"236",3.13285276095192e-05
"237",3.13114252763427e-05
"238",3.12865849049241e-05
"239",3.1228878424323e-05
"240",3.12286814505668e-05
"241",3.12548764766079e-05
"242",3.12523248797643e-05
"243",3.11647481760042e-05
"244",3.11002684348153e-05
"245",3.11220328884182e-05
"246",3.11384424303993e-05
"247",3.1080343091107e-05
"248",3.10173985801918e-05
"249",3.10517641979929e-05
"250",3.10545980525896e-05
"251",3.10482160110624e-05
"252",3.09695148336482e-05
"253",3.09379179660056e-05
"254",3.09435453431653e-05
"255",3.0919949431427e-05
"256",3.08639991507893e-05
"257",3.0798718814614e-05
"258",3.07833072464998e-05
"259",3.08118515379428e-05
"260",3.07942210387991e-05
"261",3.07427881824231e-05
"262",3.07225324336278e-05
"263",3.07759657990397e-05
"264",3.0751887427871e-05
"265",3.06757662295037e-05
"266",3.06165605393428e-05
"267",3.06348331309751e-05
"268",3.0642476447768e-05
"269",3.05843989226678e-05
"270",3.05182373870286e-05
"271",3.05048455534564e-05
"272",3.05592507912618e-05
"273",3.05634524254013e-05
"274",3.04978655238733e-05
"275",3.04722069557719e-05
"276",3.05029200207036e-05
"277",3.05074321677025e-05
"278",3.04631512191248e-05
"279",3.03630026435971e-05
"280",3.03572234423702e-05
"281",3.04039356308498e-05
"282",3.04369354184529e-05
"283",3.03536040070187e-05
"284",3.03355051223622e-05
"285",3.03915586837901e-05
"286",3.04031811565918e-05
"287",3.03694122378532e-05
"288",3.02753550620949e-05
"289",3.02677686248045e-05
"290",3.02960599245295e-05
"291",3.02571673875787e-05
"292",3.01908806851347e-05
"293",3.01471184570186e-05
"294",3.01958260971286e-05
"295",3.02048136093844e-05
"296",3.01354281448495e-05
"297",3.00871927955857e-05
"298",3.00865753702892e-05
"299",3.01074085325982e-05
"300",3.00766868045792e-05
"301",3.00136712083881e-05
"302",2.99560775961595e-05
"303",2.99784090033182e-05
"304",2.99864366101148e-05
"305",2.99493384523416e-05
"306",2.98629148984772e-05
"307",2.98822145915115e-05
"308",2.98920738458095e-05
"309",2.98896313105383e-05
"310",2.98353123249585e-05
"311",2.97669860468568e-05
"312",2.97831498118455e-05
"313",2.97930333664209e-05
"314",2.97433074212665e-05
"315",2.9648132607764e-05
"316",2.96632242789608e-05
"317",2.969808464071e-05
"318",2.97212585577503e-05
"319",2.96634187992857e-05
"320",2.96259512196983e-05
"321",2.96414082446758e-05
"322",2.96719341214999e-05
"323",2.96368512420434e-05
"324",2.95891602556653e-05
"325",2.95573482235362e-05
"326",2.95837857624749e-05
"327",2.96222392186144e-05
"328",2.95780056219579e-05
"329",2.95166782404002e-05
"330",2.95379148586272e-05
"331",2.95674542687932e-05
"332",2.95813315584248e-05
"333",2.95187607141462e-05
"334",2.94640641306623e-05
"335",2.94363388224051e-05
"336",2.94870336249676e-05
"337",2.94103350158727e-05
"338",2.93664312146018e-05
"339",2.93317543120269e-05
"340",2.93458904496772e-05
"341",2.93392884585256e-05
"342",2.92873932825422e-05
"343",2.92241950050188e-05
"344",2.92152268260756e-05
"345",2.92357257452514e-05
"346",2.91785844122407e-05
"347",2.91422317364606e-05
"348",2.91069125247659e-05
"349",2.90985557056436e-05
"350",2.91273043946873e-05
"351",2.90944175560281e-05
"352",2.90582700899094e-05
"353",2.90368912804155e-05
"354",2.90416892658753e-05
"355",2.90562800079966e-05
"356",2.90278800250966e-05
"357",2.89642963028377e-05
"358",2.89715959260589e-05
"359",2.89954616666339e-05
"360",2.89704608884962e-05
"361",2.89129910815273e-05
"362",2.88965809384362e-05
"363",2.88933931537767e-05
"364",2.89407844355781e-05
"365",2.89242453557278e-05
"366",2.8919026079816e-05
"367",2.89157692911943e-05
"368",2.89376959791434e-05
"369",2.89537663346086e-05
"370",2.88821056701697e-05
"371",2.88504706235332e-05
"372",2.88108289549204e-05
"373",2.88497846835273e-05
"374",2.88455270883035e-05
"375",2.87986803069646e-05
"376",2.87436765030464e-05
"377",2.87684132475845e-05
"378",2.87887193928807e-05
"379",2.87394626836446e-05
"380",2.87141870177191e-05
"381",2.86932064546851e-05
"382",2.87006756171233e-05
"383",2.86769326134498e-05
"384",2.86516264192174e-05
"385",2.85700284294496e-05
"386",2.85471382927019e-05
"387",2.85614516780757e-05
"388",2.85628523548567e-05
"389",2.85216185932951e-05
"390",2.84855236489418e-05
"391",2.8472750388069e-05
"392",2.8496089658024e-05
"393",2.84911728738346e-05
"394",2.84213981310744e-05
"395",2.8377553553059e-05
"396",2.83727872080815e-05
"397",2.84032867330991e-05
"398",2.83932657590925e-05
"399",2.83566692732219e-05
"400",2.83101019998488e-05
"401",2.83470582220238e-05
"402",2.8354476115042e-05
"403",2.83344231046281e-05
"404",2.82821917810506e-05
"405",2.82147646951809e-05
"406",2.8269343796522e-05
"407",2.82583345859129e-05
"408",2.82313313683408e-05
"409",2.81681576732076e-05
"410",2.81597397733646e-05
"411",2.81861092237254e-05
"412",2.81786481001723e-05
"413",2.81408881675341e-05
"414",2.81041008303447e-05
"415",2.81168768447573e-05
"416",2.81632458092847e-05
"417",2.81829335030654e-05
"418",2.81262580432256e-05
"419",2.80907477704499e-05
"420",2.80557721717304e-05
"421",2.80690891242358e-05
"422",2.8079639940599e-05
"423",2.80306299244247e-05
"424",2.79948131461099e-05
"425",2.80138803500973e-05
"426",2.803213094633e-05
"427",2.80196323638505e-05
"428",2.79767478852416e-05
"429",2.7942884412094e-05
"430",2.79390992455263e-05
"431",2.79581061564623e-05
"432",2.79159711261452e-05
"433",2.78577107443988e-05
"434",2.78129558146619e-05
"435",2.78115349861558e-05
"436",2.78180595618331e-05
"437",2.781788328855e-05
"438",2.77329380270427e-05
"439",2.77052851535764e-05
"440",2.77125923509144e-05
"441",2.77441110384178e-05
"442",2.77178760648698e-05
"443",2.77088326561244e-05
"444",2.76850735184072e-05
"445",2.7726679418367e-05
"446",2.77121636969495e-05
"447",2.76875424462497e-05
"448",2.76486367645706e-05
"449",2.76222536832218e-05
"450",2.76282005369535e-05
"451",2.76289878162117e-05
"452",2.75940224409406e-05
"453",2.75719695031885e-05
"454",2.753466219297e-05
"455",2.75798247337837e-05
"456",2.76475590230643e-05
"457",2.75949190459901e-05
"458",2.75597858417667e-05
"459",2.75580727090149e-05
"460",2.75364013009771e-05
"461",2.75293443662494e-05
"462",2.74789136357603e-05
"463",2.74117754977296e-05
"464",2.73878952280186e-05
"465",2.74042929593179e-05
"466",2.74387544746696e-05
"467",2.73893425571726e-05
"468",2.73499122312897e-05
"469",2.73407741817036e-05
"470",2.74067484250364e-05
"471",2.74297638374313e-05
"472",2.7396153813073e-05
"473",2.73713052083617e-05
"474",2.73508609101492e-05
"475",2.7382396704815e-05
"476",2.73881029637358e-05
"477",2.73567445862268e-05
"478",2.73164675112913e-05
"479",2.72805973824191e-05
"480",2.72536659081101e-05
"481",2.72628995610462e-05
"482",2.72487145392943e-05
"483",2.71980275992942e-05
"484",2.71680161857307e-05
"485",2.71930521702141e-05
"486",2.71808001374063e-05
"487",2.71655892427252e-05
"488",2.71462862011586e-05
"489",2.7122813739907e-05
"490",2.7118825494171e-05
"491",2.71384778041986e-05
"492",2.71109958473423e-05
"493",2.70539322190231e-05
"494",2.70250293507746e-05
"495",2.70245290224959e-05
"496",2.70449349158498e-05
"497",2.70301466870052e-05
"498",2.70161286373262e-05
"499",2.69967246677826e-05
"500",2.69835306022581e-05
"501",2.69859743518229e-05
"502",2.69646946584371e-05
"503",2.69424346040861e-05
"504",2.68874981268736e-05
"505",2.68646728882807e-05
"506",2.68877556601465e-05
"507",2.68821811073917e-05
"508",2.68706595648676e-05
"509",2.68242860912271e-05
"510",2.68418954553557e-05
"511",2.68651111571203e-05
"512",2.69047906008198e-05
"513",2.6867540882283e-05
"514",2.68238405400539e-05
"515",2.68163352373876e-05
"516",2.6835290797635e-05
"517",2.68335198579536e-05
"518",2.68025550466822e-05
"519",2.67434504203256e-05
"520",2.67149481424184e-05
"521",2.67224451965358e-05
"522",2.67578591935833e-05
"523",2.67313882490962e-05
"524",2.66873743908145e-05
"525",2.66749553080862e-05
"526",2.66895368539518e-05
"527",2.67359149923523e-05
"528",2.67419821045355e-05
"529",2.66983944869375e-05
"530",2.66726397215992e-05
"531",2.67020631619161e-05
"532",2.67149191282533e-05
"533",2.66912500965304e-05
"534",2.66768805840333e-05
"535",2.66245304852305e-05
"536",2.66356283323449e-05
"537",2.66477360840101e-05
"538",2.66495505494745e-05
"539",2.65966139371864e-05
"540",2.65823905656729e-05
"541",2.65508456581812e-05
"542",2.65622996183064e-05
"543",2.6569159882548e-05
"544",2.65336253983953e-05
"545",2.64865836040597e-05
"546",2.64395004061788e-05
"547",2.64181550642595e-05
"548",2.641470994578e-05
"549",2.6395411123811e-05
"550",2.63483276719023e-05
"551",2.63102202717909e-05
"552",2.63167720078267e-05
"553",2.63287538543317e-05
"554",2.63156143712179e-05
"555",2.63155782187757e-05
"556",2.62814987229302e-05
"557",2.63116995758575e-05
"558",2.63383969417775e-05
"559",2.63164451738072e-05
"560",2.63084773690564e-05
"561",2.62738064615534e-05
"562",2.62431491100342e-05
"563",2.62282163690942e-05
"564",2.62097443845955e-05
"565",2.62071925223936e-05
"566",2.61652584718185e-05
"567",2.61564264823856e-05
"568",2.61664488151507e-05
"569",2.61674895729662e-05
"570",2.61552621546066e-05
"571",2.61370999008105e-05
"572",2.61222062713554e-05
"573",2.61433811980156e-05
"574",2.61914398407037e-05
"575",2.62045402334917e-05
"576",2.61788294448356e-05
"577",2.61291187026958e-05
"578",2.61433170463916e-05
"579",2.61692706665305e-05
"580",2.61476732005495e-05
"581",2.61494577912717e-05
"582",2.61208497595234e-05
"583",2.60973900163238e-05
"584",2.60977696959183e-05
"585",2.61357731418325e-05
"586",2.61065839316946e-05
"587",2.60704483336453e-05
"588",2.60377959865024e-05
"589",2.60533086358409e-05
"590",2.60715857849426e-05
"591",2.60711756677183e-05
"592",2.60385430901615e-05
"593",2.60193206910982e-05
"594",2.60058418161228e-05
"595",2.60450861216207e-05
"596",2.60232556417315e-05
"597",2.60191216385385e-05
"598",2.59846283867545e-05
"599",2.59375721787761e-05
"600",2.59222448699768e-05
"601",2.59237434148689e-05
"602",2.59075799459348e-05
"603",2.5862890797086e-05
"604",2.58160848133274e-05
"605",2.57936736868508e-05
"606",2.58108041062286e-05
"607",2.57836791166059e-05
"608",2.57597432392439e-05
"609",2.57032792428595e-05
"610",2.56862284307909e-05
"611",2.56892966868528e-05
"612",2.57022776275368e-05
"613",2.56852536875162e-05
"614",2.56824761648967e-05
"615",2.56424359859566e-05
"616",2.56277823933709e-05
"617",2.56564307286537e-05
"618",2.56693752790253e-05
"619",2.56566434060662e-05
"620",2.56083573374128e-05
"621",2.55924399523063e-05
"622",2.56054731725601e-05
"623",2.56440607360571e-05
"624",2.56486111619395e-05
"625",2.56333752868197e-05
"626",2.55846549818811e-05
"627",2.5574338892923e-05
"628",2.55939132977361e-05
"629",2.55974660800366e-05
"630",2.55908793947493e-05
"631",2.55784238755664e-05
"632",2.55273796004263e-05
"633",2.55560207822754e-05
"634",2.55962229477157e-05
"635",2.5618995828402e-05
"636",2.55931549557777e-05
"637",2.557143808522e-05
"638",2.55518432718167e-05
"639",2.5585407293298e-05
"640",2.56265541967579e-05
"641",2.56281340398234e-05
"642",2.55985104952102e-05
"643",2.55929345133226e-05
"644",2.55535757811309e-05
"645",2.55693474019654e-05
"646",2.55702217403783e-05
"647",2.55786886609481e-05
"648",2.55757906667199e-05
"649",2.55181795322492e-05
"650",2.55322911162081e-05
"651",2.55529704403977e-05
"652",2.55526642971209e-05
"653",2.55311788019886e-05
"654",2.54960403267295e-05
"655",2.5514003782434e-05
"656",2.55334798003228e-05
"657",2.55522335955245e-05
"658",2.55341592307113e-05
"659",2.54939615240633e-05
"660",2.54387990638459e-05
"661",2.54134512844083e-05
"662",2.54197910741759e-05
"663",2.5442751350033e-05
"664",2.54050323288711e-05
"665",2.53566319024207e-05
"666",2.52985074523794e-05
"667",2.52941248392558e-05
"668",2.52882898109973e-05
"669",2.52773539172937e-05
"670",2.52313427145807e-05
"671",2.5207374194322e-05
"672",2.51793354507975e-05
"673",2.52071230934373e-05
"674",2.51984489666293e-05
"675",2.51890143469297e-05
"676",2.51555812297032e-05
"677",2.51282182398898e-05
"678",2.51458239999856e-05
"679",2.51447971937947e-05
"680",2.51545684860193e-05
"681",2.51481354371968e-05
"682",2.51250337432444e-05
"683",2.51004747635873e-05
"684",2.51161360432578e-05
"685",2.5126081505395e-05
"686",2.51025378129451e-05
"687",2.50752687915136e-05
"688",2.50639780258139e-05
"689",2.50376088075256e-05
"690",2.50434018233478e-05
"691",2.50564276755411e-05
"692",2.50549779374643e-05
"693",2.50565298521835e-05
"694",2.50093605614425e-05
"695",2.50269103290421e-05
"696",2.50293337111588e-05
"697",2.50439402343397e-05
"698",2.50517402198882e-05
"699",2.50351565884484e-05
"700",2.5004756208472e-05
"701",2.50440901576623e-05
"702",2.50391299591109e-05
"703",2.50199648255407e-05
"704",2.49991682209178e-05
"705",2.49855607606438e-05
"706",2.49894116477918e-05
"707",2.50068874133205e-05
"708",2.50154293070789e-05
"709",2.50437629517932e-05
"710",2.50249670401812e-05
"711",2.50145512571468e-05
"712",2.50040965317164e-05
"713",2.50037262952481e-05
"714",2.50059044344365e-05
"715",2.50201689094502e-05
"716",2.49913077507025e-05
"717",2.49867783403748e-05
"718",2.49601680471302e-05
"719",2.49502949320202e-05
"720",2.49551912146849e-05
"721",2.49377331713676e-05
"722",2.49049670300271e-05
"723",2.48958712644996e-05
"724",2.48864899076438e-05
"725",2.49042346342651e-05
"726",2.49148035037327e-05
"727",2.49260885448408e-05
"728",2.49159481369853e-05
"729",2.49009564760356e-05
"730",2.48950358513231e-05
"731",2.49418888381578e-05
"732",2.49444647508476e-05
"733",2.49325728720833e-05
"734",2.49063804752622e-05
"735",2.48419491713007e-05
"736",2.48144492348422e-05
"737",2.48067841021587e-05
"738",2.48139893773224e-05
"739",2.47979209546989e-05
"740",2.47557131339614e-05
"741",2.4766130301936e-05
"742",2.47809688751509e-05
"743",2.47963604631878e-05
"744",2.48180463198048e-05
"745",2.47942130406706e-05
"746",2.47609577860178e-05
"747",2.47421289573827e-05
"748",2.47634990299043e-05
"749",2.47596686199498e-05
"750",2.47414936842753e-05
"751",2.47267039889015e-05
"752",2.46870321710069e-05
"753",2.4669394700292e-05
"754",2.46557093732508e-05
"755",2.46363035988907e-05
"756",2.46328836527459e-05
"757",2.46255325186037e-05
"758",2.4599453044889e-05
"759",2.45917661497778e-05
"760",2.45974151337087e-05
"761",2.45974653651339e-05
"762",2.46147865549281e-05
"763",2.46125876431842e-05
"764",2.45934906770846e-05
"765",2.46018763221287e-05
"766",2.45946941488319e-05
"767",2.46098015413373e-05
"768",2.46149956123559e-05
"769",2.45897117271542e-05
"770",2.45471784114276e-05
"771",2.45183748072175e-05
"772",2.45054757704735e-05
"773",2.44919393616244e-05
"774",2.44890871961136e-05
"775",2.44860362503694e-05
"776",2.44394559278049e-05
"777",2.44232011440486e-05
"778",2.44409308017809e-05
"779",2.44532675559884e-05
"780",2.44898762804589e-05
"781",2.45109461788116e-05
"782",2.45091914174486e-05
"783",2.45035668951526e-05
"784",2.45264667527901e-05
"785",2.45335675385933e-05
"786",2.45227695751359e-05
"787",2.45310697088434e-05
"788",2.45125422716215e-05
"789",2.44695503382656e-05
"790",2.44337940425248e-05
"791",2.44101148024852e-05
"792",2.44135286297925e-05
"793",2.43977419920002e-05
"794",2.43616334877246e-05
"795",2.43364161418814e-05
"796",2.42968495076435e-05
"797",2.43246073211414e-05
"798",2.4350396988732e-05
"799",2.43541848085866e-05
"800",2.43543437015606e-05
"801",2.43272531614236e-05
"802",2.4351268749217e-05
"803",2.43638066890338e-05
"804",2.43806828527497e-05
"805",2.44088320343291e-05
"806",2.44130881030951e-05
"807",2.43548757070333e-05
"808",2.43390218324346e-05
"809",2.43347087028475e-05
"810",2.43361404714246e-05
"811",2.4334392069438e-05
"812",2.43287230137034e-05
"813",2.4275589796971e-05
"814",2.42666453644178e-05
"815",2.42708793109835e-05
"816",2.42772233259688e-05
"817",2.43129064816547e-05
"818",2.43204085896914e-05
"819",2.43044812439047e-05
"820",2.42889470501103e-05
"821",2.4289702814067e-05
"822",2.43154924838773e-05
"823",2.43364845571395e-05
"824",2.43371941412157e-05
"825",2.43541468205103e-05
"826",2.43201974110215e-05
"827",2.42940740089355e-05
"828",2.42854461025693e-05
"829",2.42829075722796e-05
"830",2.42970650921994e-05
"831",2.428105963886e-05
"832",2.42639189392181e-05
"833",2.42250103233061e-05
"834",2.42210754570726e-05
"835",2.42545618363157e-05
"836",2.42490952763244e-05
"837",2.42692108393502e-05
"838",2.42393048267533e-05
"839",2.42249246017031e-05
"840",2.4240311748106e-05
"841",2.42570842452599e-05
"842",2.42784439109093e-05
"843",2.42972193568037e-05
"844",2.42877916044903e-05
"845",2.42837069755237e-05
"846",2.42562238854401e-05
"847",2.42454571732647e-05
"848",2.42763379099963e-05
"849",2.42677245979977e-05
"850",2.42639494849464e-05
"851",2.42517566322773e-05
"852",2.42471471313158e-05
"853",2.42335344714523e-05
"854",2.42443489106064e-05
"855",2.42535208642353e-05
"856",2.42517807524301e-05
"857",2.42436268394617e-05
"858",2.42277158804989e-05
"859",2.42050321250203e-05
"860",2.41763506165197e-05
"861",2.4193044158408e-05
"862",2.41822677766803e-05
"863",2.41889974299821e-05
"864",2.41529978547928e-05
"865",2.41272192005235e-05
"866",2.41399128902822e-05
"867",2.41173336619105e-05
"868",2.41558849207497e-05
"869",2.41617435944437e-05
"870",2.41463950731168e-05
"871",2.41448560755873e-05
"872",2.41277631487662e-05
"873",2.41545295214491e-05
"874",2.41753721706324e-05
"875",2.4172530837114e-05
"876",2.4171550755716e-05
"877",2.41548076845125e-05
"878",2.41339957602176e-05
"879",2.412112073376e-05
"880",2.41008685701374e-05
"881",2.4107581079532e-05
"882",2.40994694581993e-05
"883",2.40753614415201e-05
"884",2.40658776573322e-05
"885",2.40564147070181e-05
"886",2.40271268922034e-05
"887",2.40426224156626e-05
"888",2.40461125333644e-05
"889",2.4054445341735e-05
"890",2.40332597899754e-05
"891",2.40295202461362e-05
"892",2.4034545474011e-05
"893",2.40530190978732e-05
"894",2.40630459516753e-05
"895",2.40655121661745e-05
"896",2.40401564970498e-05
"897",2.40163300592688e-05
"898",2.40094889748029e-05
"899",2.40008664571175e-05
"900",2.3985297699594e-05
"901",2.39473292223549e-05
"902",2.3956301401061e-05
"903",2.39824734278926e-05
"904",2.39604068646893e-05
"905",2.39401521117656e-05
"906",2.39391031316553e-05
"907",2.39601856302551e-05
"908",2.39598500042557e-05
"909",2.3959365944031e-05
"910",2.39286251057592e-05
"911",2.39158318523511e-05
"912",2.39059469561318e-05
"913",2.38883942925848e-05
"914",2.38796307429671e-05
"915",2.38707144340689e-05
"916",2.38459608881029e-05
"917",2.38364225579764e-05
"918",2.38088202053198e-05
"919",2.37794106212181e-05
"920",2.37626294238444e-05
"921",2.37352761832486e-05
"922",2.37494179737666e-05
"923",2.3727305793477e-05
"924",2.37294726839035e-05
"925",2.37105796586329e-05
"926",2.37086395802337e-05
"927",2.3736814387845e-05
"928",2.37541487792947e-05
"929",2.37675725657245e-05
"930",2.37693388894841e-05
"931",2.37712539596569e-05
"932",2.37817879895641e-05
"933",2.38037890344054e-05
"934",2.38386383073972e-05
"935",2.3833745687686e-05
"936",2.38228314455077e-05
"937",2.38122971110566e-05
"938",2.38030152605271e-05
"939",2.3790975238229e-05
"940",2.37768561435636e-05
"941",2.37791323685851e-05
"942",2.37571894057384e-05
"943",2.37197937508025e-05
"944",2.36983591197214e-05
"945",2.36569368110522e-05
"946",2.36498890184678e-05
"947",2.36283033452584e-05
"948",2.36296174631144e-05
"949",2.36291576344651e-05
"950",2.35970870603514e-05
"951",2.35986219284251e-05
"952",2.3627446463151e-05
"953",2.36232999800644e-05
"954",2.36455632085814e-05
"955",2.36587009546287e-05
"956",2.36720768592749e-05
"957",2.36597376034214e-05
"958",2.36291001451109e-05
"959",2.3626870242091e-05
"960",2.36457822218674e-05
"961",2.36558336472421e-05
"962",2.37051456983975e-05
"963",2.37097073693679e-05
"964",2.37077414065829e-05
"965",2.36978770821446e-05
"966",2.37194156922918e-05
"967",2.37554092332593e-05
"968",2.38261174880659e-05
"969",2.38518936455004e-05
"970",2.38646168458735e-05
"971",2.38404971250866e-05
"972",2.38279305343387e-05
"973",2.38185750916679e-05
"974",2.3810720975813e-05
"975",2.38225311778177e-05
"976",2.38144919239876e-05
"977",2.38029788180208e-05
"978",2.3793158320732e-05
"979",2.37364333897701e-05
"980",2.36980554278171e-05
"981",2.36946899020674e-05
"982",2.36654285494201e-05
"983",2.36444759866125e-05
"984",2.36478424606813e-05
"985",2.36161967231178e-05
"986",2.35752774075779e-05
"987",2.35679102832257e-05
"988",2.35600521391825e-05
"989",2.35385752362917e-05
"990",2.35567564563808e-05
"991",2.35751417463629e-05
"992",2.35806962456499e-05
"993",2.35801202367368e-05
"994",2.36103606555224e-05
"995",2.36395118039921e-05
"996",2.36702613962268e-05
"997",2.37291916977026e-05
"998",2.37803265911765e-05
"999",2.38171729229397e-05
"1000",2.38121999627012e-05
"1001",2.38159217138449e-05
"1002",2.38359299057604e-05
"1003",2.38189380592366e-05
"1004",2.38079729146614e-05
"1005",2.379078035878e-05
"1006",2.3724006901095e-05
"1007",2.36548773832536e-05
"1008",2.35700069547078e-05
"1009",2.34993937074409e-05
"1010",2.34438553998343e-05
"1011",2.34473613799193e-05
"1012",2.34435896575707e-05
"1013",2.34381870140046e-05
"1014",2.34647401333649e-05
"1015",2.34659343589e-05
"1016",2.35174263194051e-05
"1017",2.36112762123562e-05
"1018",2.3676286004109e-05
"1019",2.37520012161251e-05
"1020",2.38048910150416e-05
"1021",2.38161845075588e-05
"1022",2.38087724044036e-05
"1023",2.3741367000569e-05
"1024",2.36111389966023e-05
"1025",2.34819629704026e-05
"1026",2.3372505543873e-05
"1027",2.32803586700617e-05
"1028",2.3247201183722e-05
"1029",2.32594183828129e-05
"1030",2.33484295019117e-05
"1031",2.35384866142122e-05
"1032",2.3605144872648e-05
"1033",2.36314976346961e-05
"1034",2.35884684945965e-05
"1035",2.34203404823814e-05
"1036",2.31467854301361e-05
"1037",2.29499900352018e-05
"1038",2.29316632440558e-05
"1039",2.31257377066654e-05
"1040",2.33811872195513e-05
"1041",0.135299354383186
"1042",1.22690898102711
"1043",310.986287001168
"1044",-0.555551942712619
